Category,Problem,Skin_or_Hair_Type,Symptoms,Ingredients,Preparation,Usage,Frequency,Precautions,text
Skincare,Pigmentation,Normal,Roughness; Dull Appearance,Egg Yolk; Honey,Mix ingredients into a smooth paste,Apply gently on affected area and leave for 20-30 minutes,2 times/week,Do not apply on open wounds,symptoms roughness dull appearance ingredients egg yolk honey preparation mix ingredients smooth paste usage apply gently affected area leave 20 30 minutes frequency 2 times week precautions apply open wounds
Skincare,Sensitive Skin,Dry,Flaky Skin; Dull Appearance,Castor Oil; Potato Juice,Mix ingredients into a smooth paste,Apply gently on affected area and leave for 20-30 minutes,Daily,Discontinue if irritation occurs,symptoms flaky skin dull appearance ingredients castor oil potato juice preparation mix ingredients smooth paste usage apply gently affected area leave 20 30 minutes frequency daily precautions discontinue irritation occurs
Skincare,Dark Circles,Oily,Excess Oil; Uneven Tone,Lemon Juice; Multani Mitti,Mix ingredients into a smooth paste,Apply gently on affected area and leave for 20-30 minutes,3 times/week,Do patch test before use,symptoms excess oil uneven tone ingredients lemon juice multani mitti preparation mix ingredients smooth paste usage apply gently affected area leave 20 30 minutes frequency 3 times week precautions patch test use
Skincare,Whiteheads,All,Roughness; Uneven Tone,Lemon Juice; Coconut Oil,Mix ingredients into a smooth paste,Apply gently on affected area and leave for 20-30 minutes,3 times/week,Do not apply on open wounds,symptoms roughness uneven tone ingredients lemon juice coconut oil preparation mix ingredients smooth paste usage apply gently affected area leave 20 30 minutes frequency 3 times week precautions apply open wounds
Skincare,Rashes,Combination,Flaky Skin; Dark Spots,Castor Oil; Potato Juice,Mix ingredients into a smooth paste,Apply gently on affected area and leave for 20-30 minutes,Daily,Discontinue if irritation occurs,symptoms flaky skin dark spots ingredients castor oil potato juice preparation mix ingredients smooth paste usage apply gently affected area leave 20 30 minutes frequency daily precautions discontinue irritation occurs
Skincare,Open Pores,Sensitive,Dry Texture; Itching,Fenugreek Seeds; Yogurt,Mix ingredients into a smooth paste,Apply gently on affected area and leave for 20-30 minutes,Daily,Discontinue if irritation occurs,symptoms dry texture itching ingredients fenugreek seeds yogurt preparation mix ingredients smooth paste usage apply gently affected area leave 20 30 minutes frequency daily precautions discontinue irritation occurs
Skincare,Open Pores,Dry,Redness; Excess Oil,Banana; Lemon Juice,Mix ingredients into a smooth paste,Apply gently on affected area and leave for 20-30 minutes,Daily,Discontinue if irritation occurs,symptoms redness excess oil ingredients banana lemon juice preparation mix ingredients smooth paste usage apply gently affected area leave 20 30 minutes frequency daily precautions discontinue irritation occurs
Skincare,Pigmentation,Normal,Redness; Inflammation,Coconut Oil; Aloe Vera,Mix ingredients into a smooth paste,Apply gently on affected area and leave for 20-30 minutes,2 times/week,Avoid sun exposure after application,symptoms redness inflammation ingredients coconut oil aloe vera preparation mix ingredients smooth paste usage apply gently affected area leave 20 30 minutes frequency 2 times week precautions avoid sun exposure application
Skincare,Open Pores,Normal,Dull Appearance; Breakage,Lemon Juice; Olive Oil,Mix ingredients into a smooth paste,Apply gently on affected area and leave for 20-30 minutes,2 times/week,Discontinue if irritation occurs,symptoms dull appearance breakage ingredients lemon juice olive oil preparation mix ingredients smooth paste usage apply gently affected area leave 20 30 minutes frequency 2 times week precautions discontinue irritation occurs
Skincare,Sensitive Skin,Dry,Roughness; Dull Appearance,Coconut Oil; Egg Yolk,Mix ingredients into a smooth paste,Apply gently on affected area and leave for 20-30 minutes,Daily,Avoid sun exposure after application,symptoms roughness dull appearance ingredients coconut oil egg yolk preparation mix ingredients smooth paste usage apply gently affected area leave 20 30 minutes frequency daily precautions avoid sun exposure application
Skincare,Wrinkles,Sensitive,Dry Texture; Excess Oil,Gram Flour; Papaya,Mix ingredients into a smooth paste,Apply gently on affected area and leave for 20-30 minutes,Alternate days,Avoid sun exposure after application,symptoms dry texture excess oil ingredients gram flour papaya preparation mix ingredients smooth paste usage apply gently affected area leave 20 30 minutes frequency alternate days precautions avoid sun exposure application
Skincare,Dry Skin,Dry,Roughness; Flaky Skin,Papaya; Multani Mitti,Mix ingredients into a smooth paste,Apply gently on affected area and leave for 20-30 minutes,Daily,Do patch test before use,symptoms roughness flaky skin ingredients papaya multani mitti preparation mix ingredients smooth paste usage apply gently affected area leave 20 30 minutes frequency daily precautions patch test use
Skincare,Wrinkles,Sensitive,Itching; Roughness,Multani Mitti; Papaya,Mix ingredients into a smooth paste,Apply gently on affected area and leave for 20-30 minutes,Alternate days,Do not apply on open wounds,symptoms itching roughness ingredients multani mitti papaya preparation mix ingredients smooth paste usage apply gently affected area leave 20 30 minutes frequency alternate days precautions apply open wounds
Skincare,Whiteheads,Dry,Dull Appearance; Itching,Multani Mitti; Curd,Mix ingredients into a smooth paste,Apply gently on affected area and leave for 20-30 minutes,3 times/week,Avoid sun exposure after application,symptoms dull appearance itching ingredients multani mitti curd preparation mix ingredients smooth paste usage apply gently affected area leave 20 30 minutes frequency 3 times week precautions avoid sun exposure application
Skincare,Wrinkles,Oily,Itching; Breakage,Papaya; Aloe Vera,Mix ingredients into a smooth paste,Apply gently on affected area and leave for 20-30 minutes,Alternate days,Avoid sun exposure after application,symptoms itching breakage ingredients papaya aloe vera preparation mix ingredients smooth paste usage apply gently affected area leave 20 30 minutes frequency alternate days precautions avoid sun exposure application
Skincare,Pigmentation,Dry,Breakage; Excess Oil,Lemon Juice; Egg Yolk,Mix ingredients into a smooth paste,Apply gently on affected area and leave for 20-30 minutes,Weekly,Do patch test before use,symptoms breakage excess oil ingredients lemon juice egg yolk preparation mix ingredients smooth paste usage apply gently affected area leave 20 30 minutes frequency weekly precautions patch test use
Skincare,Blackheads,Combination,Breakage; Dry Texture,Castor Oil; Rose Water,Mix ingredients into a smooth paste,Apply gently on affected area and leave for 20-30 minutes,3 times/week,Discontinue if irritation occurs,symptoms breakage dry texture ingredients castor oil rose water preparation mix ingredients smooth paste usage apply gently affected area leave 20 30 minutes frequency 3 times week precautions discontinue irritation occurs
Skincare,Dark Circles,Normal,Excess Oil; Breakage,Egg Yolk; Rose Water,Mix ingredients into a smooth paste,Apply gently on affected area and leave for 20-30 minutes,Alternate days,Discontinue if irritation occurs,symptoms excess oil breakage ingredients egg yolk rose water preparation mix ingredients smooth paste usage apply gently affected area leave 20 30 minutes frequency alternate days precautions discontinue irritation occurs
Skincare,Wrinkles,Normal,Excess Oil; Dark Spots,Coconut Oil; Curd,Mix ingredients into a smooth paste,Apply gently on affected area and leave for 20-30 minutes,Alternate days,Consult dermatologist if severe condition,symptoms excess oil dark spots ingredients coconut oil curd preparation mix ingredients smooth paste usage apply gently affected area leave 20 30 minutes frequency alternate days precautions consult dermatologist severe condition
Skincare,Dry Skin,Normal,Roughness; Excess Oil,Multani Mitti; Gram Flour,Mix ingredients into a smooth paste,Apply gently on affected area and leave for 20-30 minutes,Alternate days,Do not apply on open wounds,symptoms roughness excess oil ingredients multani mitti gram flour preparation mix ingredients smooth paste usage apply gently affected area leave 20 30 minutes frequency alternate days precautions apply open wounds
Skincare,Blackheads,Normal,Excess Oil; Redness,Yogurt; Onion Juice,Mix ingredients into a smooth paste,Apply gently on affected area and leave for 20-30 minutes,Alternate days,Discontinue if irritation occurs,symptoms excess oil redness ingredients yogurt onion juice preparation mix ingredients smooth paste usage apply gently affected area leave 20 30 minutes frequency alternate days precautions discontinue irritation occurs
Skincare,Acne,Combination,Inflammation; Dry Texture,Green Tea; Olive Oil,Mix ingredients into a smooth paste,Apply gently on affected area and leave for 20-30 minutes,2 times/week,Avoid sun exposure after application,symptoms inflammation dry texture ingredients green tea olive oil preparation mix ingredients smooth paste usage apply gently affected area leave 20 30 minutes frequency 2 times week precautions avoid sun exposure application
Skincare,Dull Skin,Normal,Redness; Itching,Yogurt; Olive Oil,Mix ingredients into a smooth paste,Apply gently on affected area and leave for 20-30 minutes,Weekly,Consult dermatologist if severe condition,symptoms redness itching ingredients yogurt olive oil preparation mix ingredients smooth paste usage apply gently affected area leave 20 30 minutes frequency weekly precautions consult dermatologist severe condition
Skincare,Whiteheads,Sensitive,Flaky Skin; Itching,Coconut Oil; Honey,Mix ingredients into a smooth paste,Apply gently on affected area and leave for 20-30 minutes,3 times/week,Avoid sun exposure after application,symptoms flaky skin itching ingredients coconut oil honey preparation mix ingredients smooth paste usage apply gently affected area leave 20 30 minutes frequency 3 times week precautions avoid sun exposure application
Skincare,Dry Skin,Sensitive,Flaky Skin; Inflammation,Multani Mitti; Banana,Mix ingredients into a smooth paste,Apply gently on affected area and leave for 20-30 minutes,Alternate days,Do not apply on open wounds,symptoms flaky skin inflammation ingredients multani mitti banana preparation mix ingredients smooth paste usage apply gently affected area leave 20 30 minutes frequency alternate days precautions apply open wounds
Skincare,Pigmentation,Oily,Dry Texture; Dark Spots,Egg Yolk; Rose Water,Mix ingredients into a smooth paste,Apply gently on affected area and leave for 20-30 minutes,Weekly,Consult dermatologist if severe condition,symptoms dry texture dark spots ingredients egg yolk rose water preparation mix ingredients smooth paste usage apply gently affected area leave 20 30 minutes frequency weekly precautions consult dermatologist severe condition
Skincare,Sensitive Skin,Combination,Breakage; Inflammation,Lemon Juice; Neem Powder,Mix ingredients into a smooth paste,Apply gently on affected area and leave for 20-30 minutes,Weekly,Do patch test before use,symptoms breakage inflammation ingredients lemon juice neem powder preparation mix ingredients smooth paste usage apply gently affected area leave 20 30 minutes frequency weekly precautions patch test use
Skincare,Sun Tan,Sensitive,Itching; Redness,Olive Oil; Castor Oil,Mix ingredients into a smooth paste,Apply gently on affected area and leave for 20-30 minutes,Weekly,Avoid sun exposure after application,symptoms itching redness ingredients olive oil castor oil preparation mix ingredients smooth paste usage apply gently affected area leave 20 30 minutes frequency weekly precautions avoid sun exposure application
Skincare,Rashes,Dry,Inflammation; Flaky Skin,Curd; Olive Oil,Mix ingredients into a smooth paste,Apply gently on affected area and leave for 20-30 minutes,Alternate days,Consult dermatologist if severe condition,symptoms inflammation flaky skin ingredients curd olive oil preparation mix ingredients smooth paste usage apply gently affected area leave 20 30 minutes frequency alternate days precautions consult dermatologist severe condition
Skincare,Blackheads,All,Inflammation; Redness,Papaya; Banana,Mix ingredients into a smooth paste,Apply gently on affected area and leave for 20-30 minutes,Weekly,Do patch test before use,symptoms inflammation redness ingredients papaya banana preparation mix ingredients smooth paste usage apply gently affected area leave 20 30 minutes frequency weekly precautions patch test use
Skincare,Whiteheads,Sensitive,Excess Oil; Inflammation,Fenugreek Seeds; Turmeric,Mix ingredients into a smooth paste,Apply gently on affected area and leave for 20-30 minutes,Alternate days,Do patch test before use,symptoms excess oil inflammation ingredients fenugreek seeds turmeric preparation mix ingredients smooth paste usage apply gently affected area leave 20 30 minutes frequency alternate days precautions patch test use
Skincare,Wrinkles,Dry,Dull Appearance; Itching,Potato Juice; Coconut Oil,Mix ingredients into a smooth paste,Apply gently on affected area and leave for 20-30 minutes,2 times/week,Do patch test before use,symptoms dull appearance itching ingredients potato juice coconut oil preparation mix ingredients smooth paste usage apply gently affected area leave 20 30 minutes frequency 2 times week precautions patch test use
Skincare,Whiteheads,Dry,Uneven Tone; Roughness,Potato Juice; Egg Yolk,Mix ingredients into a smooth paste,Apply gently on affected area and leave for 20-30 minutes,2 times/week,Avoid sun exposure after application,symptoms uneven tone roughness ingredients potato juice egg yolk preparation mix ingredients smooth paste usage apply gently affected area leave 20 30 minutes frequency 2 times week precautions avoid sun exposure application
Skincare,Sensitive Skin,All,Breakage; Dry Texture,Curd; Banana,Mix ingredients into a smooth paste,Apply gently on affected area and leave for 20-30 minutes,3 times/week,Do not apply on open wounds,symptoms breakage dry texture ingredients curd banana preparation mix ingredients smooth paste usage apply gently affected area leave 20 30 minutes frequency 3 times week precautions apply open wounds
Skincare,Dark Circles,Normal,Redness; Breakage,Neem Powder; Rose Water,Mix ingredients into a smooth paste,Apply gently on affected area and leave for 20-30 minutes,2 times/week,Avoid sun exposure after application,symptoms redness breakage ingredients neem powder rose water preparation mix ingredients smooth paste usage apply gently affected area leave 20 30 minutes frequency 2 times week precautions avoid sun exposure application
Skincare,Open Pores,Combination,Flaky Skin; Redness,Rose Water; Green Tea,Mix ingredients into a smooth paste,Apply gently on affected area and leave for 20-30 minutes,2 times/week,Consult dermatologist if severe condition,symptoms flaky skin redness ingredients rose water green tea preparation mix ingredients smooth paste usage apply gently affected area leave 20 30 minutes frequency 2 times week precautions consult dermatologist severe condition
Skincare,Blackheads,Dry,Itching; Redness,Rose Water; Yogurt,Mix ingredients into a smooth paste,Apply gently on affected area and leave for 20-30 minutes,3 times/week,Consult dermatologist if severe condition,symptoms itching redness ingredients rose water yogurt preparation mix ingredients smooth paste usage apply gently affected area leave 20 30 minutes frequency 3 times week precautions consult dermatologist severe condition
Skincare,Oily Skin,Oily,Excess Oil; Flaky Skin,Gram Flour; Multani Mitti,Mix ingredients into a smooth paste,Apply gently on affected area and leave for 20-30 minutes,3 times/week,Discontinue if irritation occurs,symptoms excess oil flaky skin ingredients gram flour multani mitti preparation mix ingredients smooth paste usage apply gently affected area leave 20 30 minutes frequency 3 times week precautions discontinue irritation occurs
Skincare,Pigmentation,Dry,Dry Texture; Inflammation,Turmeric; Curd,Mix ingredients into a smooth paste,Apply gently on affected area and leave for 20-30 minutes,Daily,Consult dermatologist if severe condition,symptoms dry texture inflammation ingredients turmeric curd preparation mix ingredients smooth paste usage apply gently affected area leave 20 30 minutes frequency daily precautions consult dermatologist severe condition
Skincare,Whiteheads,Sensitive,Inflammation; Itching,Papaya; Potato Juice,Mix ingredients into a smooth paste,Apply gently on affected area and leave for 20-30 minutes,3 times/week,Avoid sun exposure after application,symptoms inflammation itching ingredients papaya potato juice preparation mix ingredients smooth paste usage apply gently affected area leave 20 30 minutes frequency 3 times week precautions avoid sun exposure application
Skincare,Whiteheads,Combination,Uneven Tone; Breakage,Lemon Juice; Onion Juice,Mix ingredients into a smooth paste,Apply gently on affected area and leave for 20-30 minutes,Alternate days,Discontinue if irritation occurs,symptoms uneven tone breakage ingredients lemon juice onion juice preparation mix ingredients smooth paste usage apply gently affected area leave 20 30 minutes frequency alternate days precautions discontinue irritation occurs
Skincare,Pigmentation,Combination,Uneven Tone; Flaky Skin,Curd; Rose Water,Mix ingredients into a smooth paste,Apply gently on affected area and leave for 20-30 minutes,Daily,Do not apply on open wounds,symptoms uneven tone flaky skin ingredients curd rose water preparation mix ingredients smooth paste usage apply gently affected area leave 20 30 minutes frequency daily precautions apply open wounds
Skincare,Sun Tan,Combination,Itching; Redness,Potato Juice; Coconut Oil,Mix ingredients into a smooth paste,Apply gently on affected area and leave for 20-30 minutes,Daily,Consult dermatologist if severe condition,symptoms itching redness ingredients potato juice coconut oil preparation mix ingredients smooth paste usage apply gently affected area leave 20 30 minutes frequency daily precautions consult dermatologist severe condition
Skincare,Whiteheads,Sensitive,Excess Oil; Breakage,Onion Juice; Honey,Mix ingredients into a smooth paste,Apply gently on affected area and leave for 20-30 minutes,2 times/week,Avoid sun exposure after application,symptoms excess oil breakage ingredients onion juice honey preparation mix ingredients smooth paste usage apply gently affected area leave 20 30 minutes frequency 2 times week precautions avoid sun exposure application
Skincare,Sensitive Skin,Combination,Uneven Tone; Dry Texture,Olive Oil; Gram Flour,Mix ingredients into a smooth paste,Apply gently on affected area and leave for 20-30 minutes,3 times/week,Avoid sun exposure after application,symptoms uneven tone dry texture ingredients olive oil gram flour preparation mix ingredients smooth paste usage apply gently affected area leave 20 30 minutes frequency 3 times week precautions avoid sun exposure application
Skincare,Dry Skin,Normal,Excess Oil; Roughness,Papaya; Olive Oil,Mix ingredients into a smooth paste,Apply gently on affected area and leave for 20-30 minutes,Weekly,Consult dermatologist if severe condition,symptoms excess oil roughness ingredients papaya olive oil preparation mix ingredients smooth paste usage apply gently affected area leave 20 30 minutes frequency weekly precautions consult dermatologist severe condition
Skincare,Pigmentation,Sensitive,Uneven Tone; Itching,Olive Oil; Egg Yolk,Mix ingredients into a smooth paste,Apply gently on affected area and leave for 20-30 minutes,Alternate days,Do patch test before use,symptoms uneven tone itching ingredients olive oil egg yolk preparation mix ingredients smooth paste usage apply gently affected area leave 20 30 minutes frequency alternate days precautions patch test use
Skincare,Blackheads,Dry,Dry Texture; Flaky Skin,Fenugreek Seeds; Papaya,Mix ingredients into a smooth paste,Apply gently on affected area and leave for 20-30 minutes,Weekly,Do patch test before use,symptoms dry texture flaky skin ingredients fenugreek seeds papaya preparation mix ingredients smooth paste usage apply gently affected area leave 20 30 minutes frequency weekly precautions patch test use
Skincare,Dry Skin,Sensitive,Breakage; Redness,Castor Oil; Multani Mitti,Mix ingredients into a smooth paste,Apply gently on affected area and leave for 20-30 minutes,Weekly,Do not apply on open wounds,symptoms breakage redness ingredients castor oil multani mitti preparation mix ingredients smooth paste usage apply gently affected area leave 20 30 minutes frequency weekly precautions apply open wounds
Skincare,Dark Circles,Sensitive,Dry Texture; Inflammation,Yogurt; Rose Water,Mix ingredients into a smooth paste,Apply gently on affected area and leave for 20-30 minutes,3 times/week,Consult dermatologist if severe condition,symptoms dry texture inflammation ingredients yogurt rose water preparation mix ingredients smooth paste usage apply gently affected area leave 20 30 minutes frequency 3 times week precautions consult dermatologist severe condition
Skincare,Sun Tan,All,Dull Appearance; Uneven Tone,Neem Powder; Yogurt,Mix ingredients into a smooth paste,Apply gently on affected area and leave for 20-30 minutes,Daily,Do patch test before use,symptoms dull appearance uneven tone ingredients neem powder yogurt preparation mix ingredients smooth paste usage apply gently affected area leave 20 30 minutes frequency daily precautions patch test use
Skincare,Blackheads,Oily,Dark Spots; Roughness,Honey; Potato Juice,Mix ingredients into a smooth paste,Apply gently on affected area and leave for 20-30 minutes,Daily,Avoid sun exposure after application,symptoms dark spots roughness ingredients honey potato juice preparation mix ingredients smooth paste usage apply gently affected area leave 20 30 minutes frequency daily precautions avoid sun exposure application
Skincare,Dull Skin,Sensitive,Breakage; Dark Spots,Yogurt; Turmeric,Mix ingredients into a smooth paste,Apply gently on affected area and leave for 20-30 minutes,Alternate days,Avoid sun exposure after application,symptoms breakage dark spots ingredients yogurt turmeric preparation mix ingredients smooth paste usage apply gently affected area leave 20 30 minutes frequency alternate days precautions avoid sun exposure application
Skincare,Wrinkles,Dry,Uneven Tone; Dark Spots,Green Tea; Honey,Mix ingredients into a smooth paste,Apply gently on affected area and leave for 20-30 minutes,Alternate days,Do patch test before use,symptoms uneven tone dark spots ingredients green tea honey preparation mix ingredients smooth paste usage apply gently affected area leave 20 30 minutes frequency alternate days precautions patch test use
Skincare,Rashes,Dry,Inflammation; Roughness,Neem Powder; Green Tea,Mix ingredients into a smooth paste,Apply gently on affected area and leave for 20-30 minutes,3 times/week,Do not apply on open wounds,symptoms inflammation roughness ingredients neem powder green tea preparation mix ingredients smooth paste usage apply gently affected area leave 20 30 minutes frequency 3 times week precautions apply open wounds
Skincare,Sensitive Skin,Sensitive,Excess Oil; Flaky Skin,Rose Water; Fenugreek Seeds,Mix ingredients into a smooth paste,Apply gently on affected area and leave for 20-30 minutes,Weekly,Do patch test before use,symptoms excess oil flaky skin ingredients rose water fenugreek seeds preparation mix ingredients smooth paste usage apply gently affected area leave 20 30 minutes frequency weekly precautions patch test use
Skincare,Pigmentation,Combination,Dark Spots; Flaky Skin,Fenugreek Seeds; Banana,Mix ingredients into a smooth paste,Apply gently on affected area and leave for 20-30 minutes,2 times/week,Discontinue if irritation occurs,symptoms dark spots flaky skin ingredients fenugreek seeds banana preparation mix ingredients smooth paste usage apply gently affected area leave 20 30 minutes frequency 2 times week precautions discontinue irritation occurs
Skincare,Dry Skin,Combination,Flaky Skin; Roughness,Aloe Vera; Olive Oil,Mix ingredients into a smooth paste,Apply gently on affected area and leave for 20-30 minutes,Daily,Consult dermatologist if severe condition,symptoms flaky skin roughness ingredients aloe vera olive oil preparation mix ingredients smooth paste usage apply gently affected area leave 20 30 minutes frequency daily precautions consult dermatologist severe condition
Skincare,Acne,Dry,Roughness; Flaky Skin,Castor Oil; Yogurt,Mix ingredients into a smooth paste,Apply gently on affected area and leave for 20-30 minutes,Alternate days,Do patch test before use,symptoms roughness flaky skin ingredients castor oil yogurt preparation mix ingredients smooth paste usage apply gently affected area leave 20 30 minutes frequency alternate days precautions patch test use
Skincare,Pigmentation,Dry,Inflammation; Roughness,Gram Flour; Turmeric,Mix ingredients into a smooth paste,Apply gently on affected area and leave for 20-30 minutes,Daily,Discontinue if irritation occurs,symptoms inflammation roughness ingredients gram flour turmeric preparation mix ingredients smooth paste usage apply gently affected area leave 20 30 minutes frequency daily precautions discontinue irritation occurs
Skincare,Blackheads,Combination,Uneven Tone; Redness,Olive Oil; Coconut Oil,Mix ingredients into a smooth paste,Apply gently on affected area and leave for 20-30 minutes,Daily,Consult dermatologist if severe condition,symptoms uneven tone redness ingredients olive oil coconut oil preparation mix ingredients smooth paste usage apply gently affected area leave 20 30 minutes frequency daily precautions consult dermatologist severe condition
Skincare,Dull Skin,Combination,Excess Oil; Inflammation,Lemon Juice; Aloe Vera,Mix ingredients into a smooth paste,Apply gently on affected area and leave for 20-30 minutes,2 times/week,Discontinue if irritation occurs,symptoms excess oil inflammation ingredients lemon juice aloe vera preparation mix ingredients smooth paste usage apply gently affected area leave 20 30 minutes frequency 2 times week precautions discontinue irritation occurs
Skincare,Acne,Normal,Dark Spots; Uneven Tone,Potato Juice; Multani Mitti,Mix ingredients into a smooth paste,Apply gently on affected area and leave for 20-30 minutes,2 times/week,Avoid sun exposure after application,symptoms dark spots uneven tone ingredients potato juice multani mitti preparation mix ingredients smooth paste usage apply gently affected area leave 20 30 minutes frequency 2 times week precautions avoid sun exposure application
Skincare,Rashes,All,Dark Spots; Roughness,Curd; Fenugreek Seeds,Mix ingredients into a smooth paste,Apply gently on affected area and leave for 20-30 minutes,Alternate days,Consult dermatologist if severe condition,symptoms dark spots roughness ingredients curd fenugreek seeds preparation mix ingredients smooth paste usage apply gently affected area leave 20 30 minutes frequency alternate days precautions consult dermatologist severe condition
Skincare,Blackheads,All,Roughness; Excess Oil,Castor Oil; Banana,Mix ingredients into a smooth paste,Apply gently on affected area and leave for 20-30 minutes,Daily,Consult dermatologist if severe condition,symptoms roughness excess oil ingredients castor oil banana preparation mix ingredients smooth paste usage apply gently affected area leave 20 30 minutes frequency daily precautions consult dermatologist severe condition
Skincare,Blackheads,All,Dark Spots; Inflammation,Yogurt; Olive Oil,Mix ingredients into a smooth paste,Apply gently on affected area and leave for 20-30 minutes,Weekly,Consult dermatologist if severe condition,symptoms dark spots inflammation ingredients yogurt olive oil preparation mix ingredients smooth paste usage apply gently affected area leave 20 30 minutes frequency weekly precautions consult dermatologist severe condition
Skincare,Dull Skin,Sensitive,Itching; Breakage,Green Tea; Multani Mitti,Mix ingredients into a smooth paste,Apply gently on affected area and leave for 20-30 minutes,Weekly,Discontinue if irritation occurs,symptoms itching breakage ingredients green tea multani mitti preparation mix ingredients smooth paste usage apply gently affected area leave 20 30 minutes frequency weekly precautions discontinue irritation occurs
Skincare,Oily Skin,Sensitive,Dry Texture; Roughness,Rose Water; Coconut Oil,Mix ingredients into a smooth paste,Apply gently on affected area and leave for 20-30 minutes,Alternate days,Consult dermatologist if severe condition,symptoms dry texture roughness ingredients rose water coconut oil preparation mix ingredients smooth paste usage apply gently affected area leave 20 30 minutes frequency alternate days precautions consult dermatologist severe condition
Skincare,Blackheads,All,Flaky Skin; Dark Spots,Aloe Vera; Potato Juice,Mix ingredients into a smooth paste,Apply gently on affected area and leave for 20-30 minutes,Weekly,Discontinue if irritation occurs,symptoms flaky skin dark spots ingredients aloe vera potato juice preparation mix ingredients smooth paste usage apply gently affected area leave 20 30 minutes frequency weekly precautions discontinue irritation occurs
Skincare,Wrinkles,Dry,Redness; Flaky Skin,Fenugreek Seeds; Banana,Mix ingredients into a smooth paste,Apply gently on affected area and leave for 20-30 minutes,3 times/week,Do patch test before use,symptoms redness flaky skin ingredients fenugreek seeds banana preparation mix ingredients smooth paste usage apply gently affected area leave 20 30 minutes frequency 3 times week precautions patch test use
Skincare,Pigmentation,Combination,Itching; Excess Oil,Yogurt; Green Tea,Mix ingredients into a smooth paste,Apply gently on affected area and leave for 20-30 minutes,Daily,Do not apply on open wounds,symptoms itching excess oil ingredients yogurt green tea preparation mix ingredients smooth paste usage apply gently affected area leave 20 30 minutes frequency daily precautions apply open wounds
Skincare,Pigmentation,Normal,Inflammation; Uneven Tone,Aloe Vera; Onion Juice,Mix ingredients into a smooth paste,Apply gently on affected area and leave for 20-30 minutes,3 times/week,Consult dermatologist if severe condition,symptoms inflammation uneven tone ingredients aloe vera onion juice preparation mix ingredients smooth paste usage apply gently affected area leave 20 30 minutes frequency 3 times week precautions consult dermatologist severe condition
Skincare,Oily Skin,Dry,Roughness; Excess Oil,Yogurt; Lemon Juice,Mix ingredients into a smooth paste,Apply gently on affected area and leave for 20-30 minutes,3 times/week,Do patch test before use,symptoms roughness excess oil ingredients yogurt lemon juice preparation mix ingredients smooth paste usage apply gently affected area leave 20 30 minutes frequency 3 times week precautions patch test use
Skincare,Sensitive Skin,Oily,Dark Spots; Roughness,Honey; Potato Juice,Mix ingredients into a smooth paste,Apply gently on affected area and leave for 20-30 minutes,2 times/week,Avoid sun exposure after application,symptoms dark spots roughness ingredients honey potato juice preparation mix ingredients smooth paste usage apply gently affected area leave 20 30 minutes frequency 2 times week precautions avoid sun exposure application
Skincare,Open Pores,Combination,Flaky Skin; Excess Oil,Rose Water; Castor Oil,Mix ingredients into a smooth paste,Apply gently on affected area and leave for 20-30 minutes,2 times/week,Consult dermatologist if severe condition,symptoms flaky skin excess oil ingredients rose water castor oil preparation mix ingredients smooth paste usage apply gently affected area leave 20 30 minutes frequency 2 times week precautions consult dermatologist severe condition
Skincare,Sensitive Skin,Dry,Itching; Breakage,Yogurt; Egg Yolk,Mix ingredients into a smooth paste,Apply gently on affected area and leave for 20-30 minutes,2 times/week,Discontinue if irritation occurs,symptoms itching breakage ingredients yogurt egg yolk preparation mix ingredients smooth paste usage apply gently affected area leave 20 30 minutes frequency 2 times week precautions discontinue irritation occurs
Skincare,Blackheads,Sensitive,Excess Oil; Roughness,Rose Water; Coconut Oil,Mix ingredients into a smooth paste,Apply gently on affected area and leave for 20-30 minutes,3 times/week,Consult dermatologist if severe condition,symptoms excess oil roughness ingredients rose water coconut oil preparation mix ingredients smooth paste usage apply gently affected area leave 20 30 minutes frequency 3 times week precautions consult dermatologist severe condition
Skincare,Open Pores,Oily,Dry Texture; Breakage,Banana; Green Tea,Mix ingredients into a smooth paste,Apply gently on affected area and leave for 20-30 minutes,Daily,Do not apply on open wounds,symptoms dry texture breakage ingredients banana green tea preparation mix ingredients smooth paste usage apply gently affected area leave 20 30 minutes frequency daily precautions apply open wounds
Skincare,Dark Circles,Combination,Dry Texture; Dull Appearance,Potato Juice; Aloe Vera,Mix ingredients into a smooth paste,Apply gently on affected area and leave for 20-30 minutes,3 times/week,Discontinue if irritation occurs,symptoms dry texture dull appearance ingredients potato juice aloe vera preparation mix ingredients smooth paste usage apply gently affected area leave 20 30 minutes frequency 3 times week precautions discontinue irritation occurs
Skincare,Dry Skin,Sensitive,Breakage; Itching,Gram Flour; Curd,Mix ingredients into a smooth paste,Apply gently on affected area and leave for 20-30 minutes,Weekly,Discontinue if irritation occurs,symptoms breakage itching ingredients gram flour curd preparation mix ingredients smooth paste usage apply gently affected area leave 20 30 minutes frequency weekly precautions discontinue irritation occurs
Skincare,Dry Skin,Normal,Inflammation; Uneven Tone,Coconut Oil; Onion Juice,Mix ingredients into a smooth paste,Apply gently on affected area and leave for 20-30 minutes,3 times/week,Do patch test before use,symptoms inflammation uneven tone ingredients coconut oil onion juice preparation mix ingredients smooth paste usage apply gently affected area leave 20 30 minutes frequency 3 times week precautions patch test use
Skincare,Sensitive Skin,Oily,Redness; Roughness,Multani Mitti; Coconut Oil,Mix ingredients into a smooth paste,Apply gently on affected area and leave for 20-30 minutes,Daily,Discontinue if irritation occurs,symptoms redness roughness ingredients multani mitti coconut oil preparation mix ingredients smooth paste usage apply gently affected area leave 20 30 minutes frequency daily precautions discontinue irritation occurs
Skincare,Dark Circles,Sensitive,Uneven Tone; Inflammation,Coconut Oil; Egg Yolk,Mix ingredients into a smooth paste,Apply gently on affected area and leave for 20-30 minutes,Daily,Discontinue if irritation occurs,symptoms uneven tone inflammation ingredients coconut oil egg yolk preparation mix ingredients smooth paste usage apply gently affected area leave 20 30 minutes frequency daily precautions discontinue irritation occurs
Skincare,Dry Skin,Normal,Dry Texture; Uneven Tone,Turmeric; Aloe Vera,Mix ingredients into a smooth paste,Apply gently on affected area and leave for 20-30 minutes,Weekly,Discontinue if irritation occurs,symptoms dry texture uneven tone ingredients turmeric aloe vera preparation mix ingredients smooth paste usage apply gently affected area leave 20 30 minutes frequency weekly precautions discontinue irritation occurs
Skincare,Sun Tan,Normal,Redness; Excess Oil,Green Tea; Gram Flour,Mix ingredients into a smooth paste,Apply gently on affected area and leave for 20-30 minutes,2 times/week,Consult dermatologist if severe condition,symptoms redness excess oil ingredients green tea gram flour preparation mix ingredients smooth paste usage apply gently affected area leave 20 30 minutes frequency 2 times week precautions consult dermatologist severe condition
Skincare,Dull Skin,Oily,Redness; Excess Oil,Onion Juice; Olive Oil,Mix ingredients into a smooth paste,Apply gently on affected area and leave for 20-30 minutes,2 times/week,Avoid sun exposure after application,symptoms redness excess oil ingredients onion juice olive oil preparation mix ingredients smooth paste usage apply gently affected area leave 20 30 minutes frequency 2 times week precautions avoid sun exposure application
Skincare,Sensitive Skin,Combination,Itching; Flaky Skin,Onion Juice; Aloe Vera,Mix ingredients into a smooth paste,Apply gently on affected area and leave for 20-30 minutes,3 times/week,Avoid sun exposure after application,symptoms itching flaky skin ingredients onion juice aloe vera preparation mix ingredients smooth paste usage apply gently affected area leave 20 30 minutes frequency 3 times week precautions avoid sun exposure application
Skincare,Pigmentation,All,Roughness; Redness,Onion Juice; Curd,Mix ingredients into a smooth paste,Apply gently on affected area and leave for 20-30 minutes,3 times/week,Do patch test before use,symptoms roughness redness ingredients onion juice curd preparation mix ingredients smooth paste usage apply gently affected area leave 20 30 minutes frequency 3 times week precautions patch test use
Skincare,Acne,Dry,Dull Appearance; Breakage,Multani Mitti; Honey,Mix ingredients into a smooth paste,Apply gently on affected area and leave for 20-30 minutes,3 times/week,Do patch test before use,symptoms dull appearance breakage ingredients multani mitti honey preparation mix ingredients smooth paste usage apply gently affected area leave 20 30 minutes frequency 3 times week precautions patch test use
Skincare,Wrinkles,Normal,Dull Appearance; Excess Oil,Fenugreek Seeds; Olive Oil,Mix ingredients into a smooth paste,Apply gently on affected area and leave for 20-30 minutes,Daily,Consult dermatologist if severe condition,symptoms dull appearance excess oil ingredients fenugreek seeds olive oil preparation mix ingredients smooth paste usage apply gently affected area leave 20 30 minutes frequency daily precautions consult dermatologist severe condition
Skincare,Sun Tan,Normal,Inflammation; Excess Oil,Aloe Vera; Egg Yolk,Mix ingredients into a smooth paste,Apply gently on affected area and leave for 20-30 minutes,2 times/week,Do patch test before use,symptoms inflammation excess oil ingredients aloe vera egg yolk preparation mix ingredients smooth paste usage apply gently affected area leave 20 30 minutes frequency 2 times week precautions patch test use
Skincare,Open Pores,Combination,Dry Texture; Dull Appearance,Yogurt; Banana,Mix ingredients into a smooth paste,Apply gently on affected area and leave for 20-30 minutes,Daily,Avoid sun exposure after application,symptoms dry texture dull appearance ingredients yogurt banana preparation mix ingredients smooth paste usage apply gently affected area leave 20 30 minutes frequency daily precautions avoid sun exposure application
Skincare,Open Pores,All,Redness; Roughness,Turmeric; Egg Yolk,Mix ingredients into a smooth paste,Apply gently on affected area and leave for 20-30 minutes,Alternate days,Do not apply on open wounds,symptoms redness roughness ingredients turmeric egg yolk preparation mix ingredients smooth paste usage apply gently affected area leave 20 30 minutes frequency alternate days precautions apply open wounds
Skincare,Sensitive Skin,All,Dry Texture; Breakage,Papaya; Yogurt,Mix ingredients into a smooth paste,Apply gently on affected area and leave for 20-30 minutes,Weekly,Discontinue if irritation occurs,symptoms dry texture breakage ingredients papaya yogurt preparation mix ingredients smooth paste usage apply gently affected area leave 20 30 minutes frequency weekly precautions discontinue irritation occurs
Skincare,Pigmentation,Oily,Redness; Itching,Onion Juice; Rose Water,Mix ingredients into a smooth paste,Apply gently on affected area and leave for 20-30 minutes,Alternate days,Do not apply on open wounds,symptoms redness itching ingredients onion juice rose water preparation mix ingredients smooth paste usage apply gently affected area leave 20 30 minutes frequency alternate days precautions apply open wounds
Skincare,Wrinkles,Combination,Itching; Redness,Neem Powder; Egg Yolk,Mix ingredients into a smooth paste,Apply gently on affected area and leave for 20-30 minutes,Alternate days,Do patch test before use,symptoms itching redness ingredients neem powder egg yolk preparation mix ingredients smooth paste usage apply gently affected area leave 20 30 minutes frequency alternate days precautions patch test use
Skincare,Dull Skin,Combination,Roughness; Dark Spots,Banana; Neem Powder,Mix ingredients into a smooth paste,Apply gently on affected area and leave for 20-30 minutes,3 times/week,Do patch test before use,symptoms roughness dark spots ingredients banana neem powder preparation mix ingredients smooth paste usage apply gently affected area leave 20 30 minutes frequency 3 times week precautions patch test use
Skincare,Dull Skin,Normal,Dark Spots; Uneven Tone,Onion Juice; Turmeric,Mix ingredients into a smooth paste,Apply gently on affected area and leave for 20-30 minutes,2 times/week,Do not apply on open wounds,symptoms dark spots uneven tone ingredients onion juice turmeric preparation mix ingredients smooth paste usage apply gently affected area leave 20 30 minutes frequency 2 times week precautions apply open wounds
Skincare,Pigmentation,All,Excess Oil; Dull Appearance,Papaya; Multani Mitti,Mix ingredients into a smooth paste,Apply gently on affected area and leave for 20-30 minutes,2 times/week,Avoid sun exposure after application,symptoms excess oil dull appearance ingredients papaya multani mitti preparation mix ingredients smooth paste usage apply gently affected area leave 20 30 minutes frequency 2 times week precautions avoid sun exposure application
Skincare,Dark Circles,Oily,Inflammation; Dark Spots,Lemon Juice; Potato Juice,Mix ingredients into a smooth paste,Apply gently on affected area and leave for 20-30 minutes,Weekly,Consult dermatologist if severe condition,symptoms inflammation dark spots ingredients lemon juice potato juice preparation mix ingredients smooth paste usage apply gently affected area leave 20 30 minutes frequency weekly precautions consult dermatologist severe condition
Skincare,Sun Tan,Dry,Flaky Skin; Breakage,Fenugreek Seeds; Neem Powder,Mix ingredients into a smooth paste,Apply gently on affected area and leave for 20-30 minutes,Weekly,Do not apply on open wounds,symptoms flaky skin breakage ingredients fenugreek seeds neem powder preparation mix ingredients smooth paste usage apply gently affected area leave 20 30 minutes frequency weekly precautions apply open wounds
Skincare,Dark Circles,Sensitive,Dry Texture; Breakage,Aloe Vera; Turmeric,Mix ingredients into a smooth paste,Apply gently on affected area and leave for 20-30 minutes,3 times/week,Consult dermatologist if severe condition,symptoms dry texture breakage ingredients aloe vera turmeric preparation mix ingredients smooth paste usage apply gently affected area leave 20 30 minutes frequency 3 times week precautions consult dermatologist severe condition
Skincare,Oily Skin,Dry,Excess Oil; Dull Appearance,Fenugreek Seeds; Gram Flour,Mix ingredients into a smooth paste,Apply gently on affected area and leave for 20-30 minutes,Daily,Do not apply on open wounds,symptoms excess oil dull appearance ingredients fenugreek seeds gram flour preparation mix ingredients smooth paste usage apply gently affected area leave 20 30 minutes frequency daily precautions apply open wounds
Skincare,Blackheads,Oily,Inflammation; Roughness,Coconut Oil; Banana,Mix ingredients into a smooth paste,Apply gently on affected area and leave for 20-30 minutes,Daily,Avoid sun exposure after application,symptoms inflammation roughness ingredients coconut oil banana preparation mix ingredients smooth paste usage apply gently affected area leave 20 30 minutes frequency daily precautions avoid sun exposure application
Skincare,Dull Skin,Dry,Dark Spots; Redness,Egg Yolk; Yogurt,Mix ingredients into a smooth paste,Apply gently on affected area and leave for 20-30 minutes,Weekly,Avoid sun exposure after application,symptoms dark spots redness ingredients egg yolk yogurt preparation mix ingredients smooth paste usage apply gently affected area leave 20 30 minutes frequency weekly precautions avoid sun exposure application
Skincare,Sensitive Skin,All,Redness; Uneven Tone,Egg Yolk; Multani Mitti,Mix ingredients into a smooth paste,Apply gently on affected area and leave for 20-30 minutes,2 times/week,Do not apply on open wounds,symptoms redness uneven tone ingredients egg yolk multani mitti preparation mix ingredients smooth paste usage apply gently affected area leave 20 30 minutes frequency 2 times week precautions apply open wounds
Skincare,Dull Skin,Sensitive,Inflammation; Roughness,Green Tea; Rose Water,Mix ingredients into a smooth paste,Apply gently on affected area and leave for 20-30 minutes,Alternate days,Discontinue if irritation occurs,symptoms inflammation roughness ingredients green tea rose water preparation mix ingredients smooth paste usage apply gently affected area leave 20 30 minutes frequency alternate days precautions discontinue irritation occurs
Skincare,Rashes,Combination,Breakage; Roughness,Olive Oil; Fenugreek Seeds,Mix ingredients into a smooth paste,Apply gently on affected area and leave for 20-30 minutes,Alternate days,Discontinue if irritation occurs,symptoms breakage roughness ingredients olive oil fenugreek seeds preparation mix ingredients smooth paste usage apply gently affected area leave 20 30 minutes frequency alternate days precautions discontinue irritation occurs
Skincare,Dark Circles,Sensitive,Itching; Roughness,Papaya; Rose Water,Mix ingredients into a smooth paste,Apply gently on affected area and leave for 20-30 minutes,Alternate days,Do patch test before use,symptoms itching roughness ingredients papaya rose water preparation mix ingredients smooth paste usage apply gently affected area leave 20 30 minutes frequency alternate days precautions patch test use
Skincare,Open Pores,Oily,Roughness; Redness,Honey; Papaya,Mix ingredients into a smooth paste,Apply gently on affected area and leave for 20-30 minutes,3 times/week,Consult dermatologist if severe condition,symptoms roughness redness ingredients honey papaya preparation mix ingredients smooth paste usage apply gently affected area leave 20 30 minutes frequency 3 times week precautions consult dermatologist severe condition
Skincare,Open Pores,Sensitive,Redness; Breakage,Fenugreek Seeds; Gram Flour,Mix ingredients into a smooth paste,Apply gently on affected area and leave for 20-30 minutes,Daily,Do patch test before use,symptoms redness breakage ingredients fenugreek seeds gram flour preparation mix ingredients smooth paste usage apply gently affected area leave 20 30 minutes frequency daily precautions patch test use
Skincare,Sun Tan,All,Dry Texture; Excess Oil,Neem Powder; Coconut Oil,Mix ingredients into a smooth paste,Apply gently on affected area and leave for 20-30 minutes,3 times/week,Avoid sun exposure after application,symptoms dry texture excess oil ingredients neem powder coconut oil preparation mix ingredients smooth paste usage apply gently affected area leave 20 30 minutes frequency 3 times week precautions avoid sun exposure application
Skincare,Dull Skin,Sensitive,Breakage; Redness,Fenugreek Seeds; Egg Yolk,Mix ingredients into a smooth paste,Apply gently on affected area and leave for 20-30 minutes,3 times/week,Discontinue if irritation occurs,symptoms breakage redness ingredients fenugreek seeds egg yolk preparation mix ingredients smooth paste usage apply gently affected area leave 20 30 minutes frequency 3 times week precautions discontinue irritation occurs
Skincare,Dull Skin,Combination,Flaky Skin; Dry Texture,Banana; Coconut Oil,Mix ingredients into a smooth paste,Apply gently on affected area and leave for 20-30 minutes,Alternate days,Discontinue if irritation occurs,symptoms flaky skin dry texture ingredients banana coconut oil preparation mix ingredients smooth paste usage apply gently affected area leave 20 30 minutes frequency alternate days precautions discontinue irritation occurs
Skincare,Pigmentation,Oily,Roughness; Breakage,Green Tea; Lemon Juice,Mix ingredients into a smooth paste,Apply gently on affected area and leave for 20-30 minutes,Alternate days,Do not apply on open wounds,symptoms roughness breakage ingredients green tea lemon juice preparation mix ingredients smooth paste usage apply gently affected area leave 20 30 minutes frequency alternate days precautions apply open wounds
Skincare,Wrinkles,Dry,Itching; Uneven Tone,Neem Powder; Multani Mitti,Mix ingredients into a smooth paste,Apply gently on affected area and leave for 20-30 minutes,3 times/week,Consult dermatologist if severe condition,symptoms itching uneven tone ingredients neem powder multani mitti preparation mix ingredients smooth paste usage apply gently affected area leave 20 30 minutes frequency 3 times week precautions consult dermatologist severe condition
Skincare,Rashes,Normal,Dull Appearance; Flaky Skin,Honey; Curd,Mix ingredients into a smooth paste,Apply gently on affected area and leave for 20-30 minutes,Daily,Consult dermatologist if severe condition,symptoms dull appearance flaky skin ingredients honey curd preparation mix ingredients smooth paste usage apply gently affected area leave 20 30 minutes frequency daily precautions consult dermatologist severe condition
Skincare,Dry Skin,Oily,Uneven Tone; Itching,Coconut Oil; Honey,Mix ingredients into a smooth paste,Apply gently on affected area and leave for 20-30 minutes,Weekly,Do patch test before use,symptoms uneven tone itching ingredients coconut oil honey preparation mix ingredients smooth paste usage apply gently affected area leave 20 30 minutes frequency weekly precautions patch test use
Skincare,Sun Tan,Oily,Dull Appearance; Flaky Skin,Castor Oil; Fenugreek Seeds,Mix ingredients into a smooth paste,Apply gently on affected area and leave for 20-30 minutes,2 times/week,Consult dermatologist if severe condition,symptoms dull appearance flaky skin ingredients castor oil fenugreek seeds preparation mix ingredients smooth paste usage apply gently affected area leave 20 30 minutes frequency 2 times week precautions consult dermatologist severe condition
Skincare,Acne,Dry,Uneven Tone; Itching,Aloe Vera; Turmeric,Mix ingredients into a smooth paste,Apply gently on affected area and leave for 20-30 minutes,2 times/week,Do patch test before use,symptoms uneven tone itching ingredients aloe vera turmeric preparation mix ingredients smooth paste usage apply gently affected area leave 20 30 minutes frequency 2 times week precautions patch test use
Skincare,Dull Skin,Normal,Flaky Skin; Redness,Honey; Green Tea,Mix ingredients into a smooth paste,Apply gently on affected area and leave for 20-30 minutes,Weekly,Do not apply on open wounds,symptoms flaky skin redness ingredients honey green tea preparation mix ingredients smooth paste usage apply gently affected area leave 20 30 minutes frequency weekly precautions apply open wounds
Skincare,Open Pores,Sensitive,Breakage; Redness,Coconut Oil; Neem Powder,Mix ingredients into a smooth paste,Apply gently on affected area and leave for 20-30 minutes,Alternate days,Consult dermatologist if severe condition,symptoms breakage redness ingredients coconut oil neem powder preparation mix ingredients smooth paste usage apply gently affected area leave 20 30 minutes frequency alternate days precautions consult dermatologist severe condition
Skincare,Dry Skin,Dry,Itching; Breakage,Lemon Juice; Fenugreek Seeds,Mix ingredients into a smooth paste,Apply gently on affected area and leave for 20-30 minutes,3 times/week,Do not apply on open wounds,symptoms itching breakage ingredients lemon juice fenugreek seeds preparation mix ingredients smooth paste usage apply gently affected area leave 20 30 minutes frequency 3 times week precautions apply open wounds
Skincare,Blackheads,Sensitive,Dark Spots; Itching,Coconut Oil; Onion Juice,Mix ingredients into a smooth paste,Apply gently on affected area and leave for 20-30 minutes,Alternate days,Avoid sun exposure after application,symptoms dark spots itching ingredients coconut oil onion juice preparation mix ingredients smooth paste usage apply gently affected area leave 20 30 minutes frequency alternate days precautions avoid sun exposure application
Skincare,Dark Circles,Oily,Dry Texture; Flaky Skin,Coconut Oil; Aloe Vera,Mix ingredients into a smooth paste,Apply gently on affected area and leave for 20-30 minutes,Weekly,Do not apply on open wounds,symptoms dry texture flaky skin ingredients coconut oil aloe vera preparation mix ingredients smooth paste usage apply gently affected area leave 20 30 minutes frequency weekly precautions apply open wounds
Skincare,Rashes,Sensitive,Roughness; Dark Spots,Neem Powder; Papaya,Mix ingredients into a smooth paste,Apply gently on affected area and leave for 20-30 minutes,Daily,Consult dermatologist if severe condition,symptoms roughness dark spots ingredients neem powder papaya preparation mix ingredients smooth paste usage apply gently affected area leave 20 30 minutes frequency daily precautions consult dermatologist severe condition
Skincare,Whiteheads,Sensitive,Redness; Uneven Tone,Potato Juice; Rose Water,Mix ingredients into a smooth paste,Apply gently on affected area and leave for 20-30 minutes,3 times/week,Do not apply on open wounds,symptoms redness uneven tone ingredients potato juice rose water preparation mix ingredients smooth paste usage apply gently affected area leave 20 30 minutes frequency 3 times week precautions apply open wounds
Skincare,Sensitive Skin,Oily,Excess Oil; Dry Texture,Curd; Fenugreek Seeds,Mix ingredients into a smooth paste,Apply gently on affected area and leave for 20-30 minutes,Daily,Do not apply on open wounds,symptoms excess oil dry texture ingredients curd fenugreek seeds preparation mix ingredients smooth paste usage apply gently affected area leave 20 30 minutes frequency daily precautions apply open wounds
Skincare,Dull Skin,All,Itching; Breakage,Yogurt; Olive Oil,Mix ingredients into a smooth paste,Apply gently on affected area and leave for 20-30 minutes,Alternate days,Do patch test before use,symptoms itching breakage ingredients yogurt olive oil preparation mix ingredients smooth paste usage apply gently affected area leave 20 30 minutes frequency alternate days precautions patch test use
Skincare,Blackheads,Dry,Breakage; Redness,Onion Juice; Neem Powder,Mix ingredients into a smooth paste,Apply gently on affected area and leave for 20-30 minutes,Weekly,Do patch test before use,symptoms breakage redness ingredients onion juice neem powder preparation mix ingredients smooth paste usage apply gently affected area leave 20 30 minutes frequency weekly precautions patch test use
Skincare,Dark Circles,Normal,Dark Spots; Dull Appearance,Coconut Oil; Fenugreek Seeds,Mix ingredients into a smooth paste,Apply gently on affected area and leave for 20-30 minutes,Weekly,Do patch test before use,symptoms dark spots dull appearance ingredients coconut oil fenugreek seeds preparation mix ingredients smooth paste usage apply gently affected area leave 20 30 minutes frequency weekly precautions patch test use
Skincare,Pigmentation,Normal,Uneven Tone; Dull Appearance,Multani Mitti; Papaya,Mix ingredients into a smooth paste,Apply gently on affected area and leave for 20-30 minutes,Daily,Do not apply on open wounds,symptoms uneven tone dull appearance ingredients multani mitti papaya preparation mix ingredients smooth paste usage apply gently affected area leave 20 30 minutes frequency daily precautions apply open wounds
Skincare,Acne,Dry,Dry Texture; Excess Oil,Multani Mitti; Castor Oil,Mix ingredients into a smooth paste,Apply gently on affected area and leave for 20-30 minutes,Daily,Discontinue if irritation occurs,symptoms dry texture excess oil ingredients multani mitti castor oil preparation mix ingredients smooth paste usage apply gently affected area leave 20 30 minutes frequency daily precautions discontinue irritation occurs
Skincare,Oily Skin,Sensitive,Breakage; Flaky Skin,Castor Oil; Onion Juice,Mix ingredients into a smooth paste,Apply gently on affected area and leave for 20-30 minutes,3 times/week,Do not apply on open wounds,symptoms breakage flaky skin ingredients castor oil onion juice preparation mix ingredients smooth paste usage apply gently affected area leave 20 30 minutes frequency 3 times week precautions apply open wounds
Skincare,Dull Skin,Oily,Itching; Dry Texture,Banana; Papaya,Mix ingredients into a smooth paste,Apply gently on affected area and leave for 20-30 minutes,Daily,Avoid sun exposure after application,symptoms itching dry texture ingredients banana papaya preparation mix ingredients smooth paste usage apply gently affected area leave 20 30 minutes frequency daily precautions avoid sun exposure application
Skincare,Pigmentation,Dry,Itching; Uneven Tone,Olive Oil; Banana,Mix ingredients into a smooth paste,Apply gently on affected area and leave for 20-30 minutes,3 times/week,Consult dermatologist if severe condition,symptoms itching uneven tone ingredients olive oil banana preparation mix ingredients smooth paste usage apply gently affected area leave 20 30 minutes frequency 3 times week precautions consult dermatologist severe condition
Skincare,Blackheads,Combination,Breakage; Dry Texture,Coconut Oil; Rose Water,Mix ingredients into a smooth paste,Apply gently on affected area and leave for 20-30 minutes,Daily,Discontinue if irritation occurs,symptoms breakage dry texture ingredients coconut oil rose water preparation mix ingredients smooth paste usage apply gently affected area leave 20 30 minutes frequency daily precautions discontinue irritation occurs
Skincare,Rashes,All,Excess Oil; Roughness,Fenugreek Seeds; Multani Mitti,Mix ingredients into a smooth paste,Apply gently on affected area and leave for 20-30 minutes,Weekly,Consult dermatologist if severe condition,symptoms excess oil roughness ingredients fenugreek seeds multani mitti preparation mix ingredients smooth paste usage apply gently affected area leave 20 30 minutes frequency weekly precautions consult dermatologist severe condition
Skincare,Open Pores,Sensitive,Dry Texture; Roughness,Neem Powder; Green Tea,Mix ingredients into a smooth paste,Apply gently on affected area and leave for 20-30 minutes,Alternate days,Avoid sun exposure after application,symptoms dry texture roughness ingredients neem powder green tea preparation mix ingredients smooth paste usage apply gently affected area leave 20 30 minutes frequency alternate days precautions avoid sun exposure application
Skincare,Rashes,Sensitive,Excess Oil; Dull Appearance,Lemon Juice; Honey,Mix ingredients into a smooth paste,Apply gently on affected area and leave for 20-30 minutes,Alternate days,Do not apply on open wounds,symptoms excess oil dull appearance ingredients lemon juice honey preparation mix ingredients smooth paste usage apply gently affected area leave 20 30 minutes frequency alternate days precautions apply open wounds
Skincare,Wrinkles,Oily,Redness; Breakage,Papaya; Aloe Vera,Mix ingredients into a smooth paste,Apply gently on affected area and leave for 20-30 minutes,Daily,Consult dermatologist if severe condition,symptoms redness breakage ingredients papaya aloe vera preparation mix ingredients smooth paste usage apply gently affected area leave 20 30 minutes frequency daily precautions consult dermatologist severe condition
Skincare,Oily Skin,Dry,Roughness; Uneven Tone,Fenugreek Seeds; Onion Juice,Mix ingredients into a smooth paste,Apply gently on affected area and leave for 20-30 minutes,Daily,Do not apply on open wounds,symptoms roughness uneven tone ingredients fenugreek seeds onion juice preparation mix ingredients smooth paste usage apply gently affected area leave 20 30 minutes frequency daily precautions apply open wounds
